{
    "front_l": {
        "camera_matrix": [
            7308.4083318955, 
            0, 
            1858.1292708168,
            0, 
            7306.3495174839, 
            1127.2888177148,
            0, 0, 1
        ],
        "distortion_coeffs": [
            5.9067812984, -195.3045865646, 0.0003888085, -0.0009780926, 16.3900330808, 6.0179411104, -192.3011160143, -31.8665181884
        ],
        "extrinsic": [
            4.0773228735061506e-03, 
            -9.9998560748241838e-01,
            3.4871573242084564e-03, 
            -1.2564657212482636e-01,
            -1.7123037841540456e-02, 
            -3.5564913557469824e-03,
            -9.9984706477756569e-01, 
            1.7481203630525674e-01,
            9.9984507650598664e-01, 
            4.0169885804038352e-03,
            -1.7137292361471601e-02, 
            2.7169148776326746e-01, 
            0.0, 
            0.0,
            0.0,
            1.0
        ]
    },
    "front_s": {
        "camera_matrix": [
            2447.2288879718, 
            0, 
            1921.2371188880,
            0, 
            2446.5339868875, 
            1081.3488299527,
            0, 
            0, 
            1
        ],
        "distortion_coeffs": [
            2.5714027905, 0.4842458151, 0.0000210229, 0.0000113476, -0.0131410984, 3.2678278661, 1.8084145089, 0.0271626757
        ],
        "extrinsic": [
            0.00186151,
            0.999993,
            0.00313965,
            1.05577,
            0.0736859,
            0.00299395,
            -0.997277,
            0.580209,
            -0.99728,
            0.00208779,
            -0.0736798,
            -8.05667,
            0.0,
            0.0,
            0.0,
            1.0
        ]
    },
    "back": {
        "camera_matrix": [
            1938.5280416756, 
            0, 
            944.0661040133,
            0, 
            1938.9213843484, 
            583.4210859580,
            0, 
            0, 
            1
        ],
        "distortion_coeffs": [
            -3.5743548176, 44.3697540208, 0.0000326136, 0.0002394819, 4.4411575111, -3.0342791496, 42.3510079749, 29.0013579376
        ],
        "extrinsic": [
            0.00592227,
            0.999533,
            0.0299676,
            -0.012956,
            0.281306,
            0.0270926,
            -0.959236,
            2.50915,
            -0.9596,
            0.0141109,
            -0.281015,
            -1.15133,
            0.0,
            0.0,
            0.0,
            1.0
        ]
    },
    "left_back": {
        "camera_matrix": [
            1189.6062968746, 
            0, 
            967.1828346769,
            0, 
            1189.7235445125, 
            521.8519823883,
            0, 
            0, 
            1
        ],
        "distortion_coeffs": [
            4.0107642458, 1.4032220020, -0.0001751763, 0.0001745146, 0.0352528319, 4.4429442032, 2.9830441607, 0.2895972602
        ],
        "extrinsic": [
            -0.0445445,
            0.998705,
            -0.0245634,
            -1.44962,
            0.045696,
            -0.0225252,
            -0.998701,
            0.460355,
            -0.997962,
            -0.0456091,
            -0.0446334,
            -8.02168,
            0.0,
            0.0,
            0.0,
            1.0
        ]
    },
    "left_front": {
        "camera_matrix": [
            1190.6171065396, 
            0, 
            984.6365543358,
            0, 
            1190.8726277205, 
            589.3350043501,
            0,
            0, 
            1
        ],
        "distortion_coeffs": [
            2.7283144640, 0.5849508391, 0.0001471848, 0.0000483247, -0.0069662456, 3.1620804743, 1.6131641812, 0.0462036299
        ],
        "extrinsic": [
            0.00186151,
            0.999993,
            0.00313965,
            1.05577,
            0.0736859,
            0.00299395,
            -0.997277,
            0.580209,
            -0.99728,
            0.00208779,
            -0.0736798,
            -8.05667,
            0.0,
            0.0,
            0.0,
            1.0
        ]
    },
    "right_front": {
        "camera_matrix": [
            1191.5939854994, 
            0, 
            992.1553079530,
            0, 
            1191.7168923410, 
            565.0645157185,
            0, 
            0, 
            1
        ],
        "distortion_coeffs": [
            6.6732714766, 4.4495963253, 0.0000472999, 0.0001640830, 0.3553777750, 7.1038167714, 7.1734135293, 1.5857409679
        ],
        "extrinsic": [
            0.00592227,
            0.999533,
            0.0299676,
            -0.012956,
            0.281306,
            0.0270926,
            -0.959236,
            2.50915,
            -0.9596,
            0.0141109,
            -0.281015,
            -1.15133,
            0.0,
            0.0,
            0.0,
            1.0
        ]
    },
    "right_back": {
        "camera_matrix": [
            1190.6292602231, 
            0, 
            987.0405150764,
            0, 
            1190.7086584141, 
            574.8042399465,
            0, 
            0, 
            1
        ],
        "distortion_coeffs": [
            10.6347655639, 6.2885772289, 0.0001078056, 0.0001789169, 0.4485745805, 11.0729515319, 10.6806730417, 2.0798835411
        ],
        "extrinsic": [
            0.00186151,
            0.999993,
            0.00313965,
            1.05577,
            0.0736859,            
            -0.5504270217885492,
            0.3526222938126945,
            0.0006697065777734206,
            -0.0011349962248240796,
            -0.1547513504308906,
            0.00299395,
            -0.997277,
            0.580209,
            -0.99728,
            0.00208779,
            -0.0736798,
            -8.05667,
            0.0,
            0.0,
            0.0,
            1.0
        ]
    }
}






