{
    "extrinsic": [
        -0.0343185834589948,
        -0.9990802388734016,
        -0.02570819173016292,
        0.39969929822754957,
        0.006105292096867498,
        0.025513285140687736,
        -0.9996558396216879,
        0.6864150494043462,
        0.99939229546649,
        -0.03446372838212336,
        0.005224096881116469,
        -0.3486637505133631,
        0.0,
        0.0,
        0.0,
        1.0
    ],
    "intrinsic": [
        1002.3122374108362,
        0.0,
        1002.8105544082973,
        0.0,
        1000.2313845701474,
        551.327103651905,
        0.0,
        0.0,
        1.0
    ],
    "distCoeffs": [
        -0.362055178928467,
        0.15258529275320262,
        9.104460595745292e-05,
        0.0007964785136153871,
        -0.03408057182682016
    ]
}